URL,Image,Name,Price
https://www.2dehands.be/v/telecommunicatie/mobiele-telefoons-apple-iphone/m2120445073-iphone-15-128gb,https://images.2dehands.com/api/v1/listing-twh-p/images/10/10476d7d-4eb2-4763-be9c-86ce570bec25?rule=ecg_mp_eps$_82,iPhone 15 128GB,"€ 779,00"
https://www.2dehands.be/v/telecommunicatie/mobiele-telefoons-apple-iphone/m2098121259-apple-iphone-15-iphone-15-plus-iphone-15-pro-max-perfect,https://images.2dehands.com/api/v1/listing-twh-p/images/b6/b64bec75-30cd-46fc-bebd-ab0212183377?rule=ecg_mp_eps$_82,"Apple iPhone 15, iPhone 15 Plus, iPhone 15 Pro (Max) PERFECT","€ 699,00"
https://www.2dehands.be/v/telecommunicatie/mobiele-telefoons-apple-iphone/m2120126226-apple-iphone-15-promax-1tb-natural-titanium-neuf-emballe,https://images.2dehands.com/api/v1/listing-twh-p/images/4e/4e645190-4d13-4cd5-aa9e-83eb0894e9e5?rule=ecg_mp_eps$_82,Apple iPhone 15 ProMax 1TB Natural Titanium - neuf & emballé,"€ 1.200,00"
https://www.2dehands.be,https://images.2dehands.com/api/v1/listing-twh-p/images/b0/b039d8c8-7810-4f09-a49c-7aa535afa2cd?rule=ecg_mp_eps$_82,iPhone 15,"€ 700,00"
https://www.2dehands.be/v/telecommunicatie/mobiele-telefoons-apple-iphone/a137618023-apple-iphone-14-128gb-middernacht,https://twhbe.images.icas.io/api/v1/4f9d6f39/images/85/85d03b25-1c72-4459-a688-238f9243ff42?rule=eps_82,Apple Iphone 14 128gb Middernacht,"€ 599,00"
https://www.2dehands.be,https://images.2dehands.com/api/v1/listing-twh-p/images/47/4741d7de-8fec-4022-87ef-5c340c25cb2c?rule=ecg_mp_eps$_82,iPhone 15 256 zwart,"€ 750,00"
https://www.2dehands.be,https://images.2dehands.com/api/v1/listing-twh-p/images/20/20084114-e4b7-4c45-ba13-507c05920949?rule=ecg_mp_eps$_82,IPHONE 15 BRUSSELS,"€ 720,00"
https://www.2dehands.be,https://images.2dehands.com/api/v1/listing-twh-p/images/9a/9a80a82e-74bb-44f3-bda3-9bff7f15292c?rule=ecg_mp_eps$_82,Iphone 15 128GB,"€ 800,00"
https://www.2dehands.be,https://images.2dehands.com/api/v1/listing-twh-p/images/9e/9e896f52-ec56-4d38-99a8-6fbc2b89a53c?rule=ecg_mp_eps$_82,iPhone 15 128 gb blauw,"€ 675,00"
https://www.2dehands.be,https://images.2dehands.com/api/v1/listing-twh-p/images/91/919b7c0b-81c2-47e0-b5c0-a202a5c948ab?rule=ecg_mp_eps$_82,"Iphone 15 pro ,256GB Blue. Nieuw!","€ 930,00"
https://www.2dehands.be,https://images.2dehands.com/api/v1/listing-twh-p/images/9a/9a9926bf-6533-4e4e-9791-c9574a96bdd6?rule=ecg_mp_eps$_82,Iphone 15 pro,"€ 850,00"
https://www.2dehands.be,https://images.2dehands.com/api/v1/listing-twh-p/images/ad/ad6ffd60-0bff-426e-a75a-3300eaad768b?rule=ecg_mp_eps$_82,iPhone 15 pro 128 zwart,"€ 900,00"
https://www.2dehands.be,https://images.2dehands.com/api/v1/listing-twh-p/images/5f/5f305bef-0832-4ce8-9a21-b8a656c2ecb8?rule=ecg_mp_eps$_82,iPhone 15 black 128 Gb nieuw te koop,"€ 800,00"
https://www.2dehands.be,https://images.2dehands.com/api/v1/listing-twh-p/images/71/71315239-d6cf-487a-90dd-30f7601cdbf4?rule=ecg_mp_eps$_82,iPhone 15pro wit 256 gb + factuur,"€ 999,00"
https://www.2dehands.be,https://images.2dehands.com/api/v1/listing-twh-p/images/28/28ce7a74-4ec5-47d3-bf9f-fc00a1d46c01?rule=ecg_mp_eps$_82,iPhone 15 Pro Max,"€ 1.100,00"
https://www.2dehands.be,https://images.2dehands.com/api/v1/listing-twh-p/images/29/29c1392b-8f6d-4971-b9dd-40803980205c?rule=ecg_mp_eps$_82,Iphone 15 128gb als nieuw,"€ 680,00"
https://www.2dehands.be,https://images.2dehands.com/api/v1/listing-twh-p/images/eb/eb87e583-a522-4561-a43b-498851ba9925?rule=ecg_mp_eps$_82,Apple iPhone 15 128GB zwart,"€ 750,00"
https://www.2dehands.be,https://images.2dehands.com/api/v1/listing-twh-p/images/12/1240866a-50b6-478f-a35f-68d316d3806c?rule=ecg_mp_eps$_82,Verzegelde iPhone 15 128 GB,"€ 700,00"
https://www.2dehands.be,https://images.2dehands.com/api/v1/listing-twh-p/images/04/045004d0-3cf3-4c57-ad59-4442e6b0469a?rule=ecg_mp_eps$_82,Iphone 15 blauw,"€ 639,00"
https://www.2dehands.be/v/telecommunicatie/mobiele-telefoons-apple-iphone/a137137277-iphone-14-pro-128gb-256gb-alle-kleuren-3-jaar-garantie,https://twhbe.images.icas.io/api/v1/4f9d6f39/images/cd/cd4338c1-4805-44e3-a7c7-93411022ae43?rule=eps_82,iPhone 14 Pro 128GB 256GB Alle kleuren! + 3 JAAR garantie!,"€ 749,00"
https://www.2dehands.be/v/telecommunicatie/mobiele-telefoons-apple-iphone/m2120676692-iphone-15-pro-256gb-black-titanium-nieuw-factuurgaranti,https://images.2dehands.com/api/v1/listing-twh-p/images/aa/aa910bdc-0192-4e59-a746-6b1adf0b52bf?rule=ecg_mp_eps$_82,iPhone 15 Pro 256GB Black Titanium Nieuw FactuurGaranti,"€ 1.000,00"
https://www.2dehands.be,https://images.2dehands.com/api/v1/listing-twh-p/images/d2/d288125f-b1d1-408b-834f-a8ce5e9aec5b?rule=ecg_mp_eps$_82,iPhone 15 Pro 256 GB zwart titanium,"€ 1.050,00"
https://www.2dehands.be,https://images.2dehands.com/api/v1/listing-twh-p/images/40/40ba7ad2-f409-4d59-ab4b-33627153f839?rule=ecg_mp_eps$_82,iPhone 15 Pro,"€ 950,00"
https://www.2dehands.be/v/telecommunicatie/mobiele-telefoons-apple-iphone/m2119144721-iphone-15-pro-titanium,https://images.2dehands.com/api/v1/listing-twh-p/images/8c/8cd10c32-80b1-4a6f-84e8-d0aa84e47509?rule=ecg_mp_eps$_82,iPhone 15 pro titanium,"€ 900,00"
https://www.2dehands.be/v/telecommunicatie/mobiele-telefoons-apple-iphone/m2120676692-iphone-15-pro-256gb-black-titanium-nieuw-factuurgaranti,https://images.2dehands.com/api/v1/listing-twh-p/images/aa/aa910bdc-0192-4e59-a746-6b1adf0b52bf?rule=ecg_mp_eps$_82,iPhone 15 Pro 256GB Black Titanium Nieuw FactuurGaranti,"€ 1.000,00"
https://www.2dehands.be/v/telecommunicatie/mobiele-telefoons-apple-iphone/a119785194-iphone-13-pro-128gb-256gb-grafiet-zwart-3-jaar-garantie,https://twhbe.images.icas.io/api/v1/4f9d6f39/images/2d/2df3eb47-d616-4922-a221-c3649cb79958?rule=eps_82,iPhone 13 Pro 128GB 256GB Grafiet Zwart + 3 jaar garantie!,"€ 529,00"
https://www.2dehands.be/v/telecommunicatie/mobiele-telefoons-apple-iphone/m2118601688-iphone-15-pro-max-256-gb,https://images.2dehands.com/api/v1/listing-twh-p/images/ff/ffd9329f-5ea7-4259-b041-3b351a20c717?rule=ecg_mp_eps$_82,iPhone 15 Pro Max 256 GB,"€ 1.200,00"
https://www.2dehands.be,https://images.2dehands.com/api/v1/listing-twh-p/images/a6/a6364b00-4ebb-437a-bca6-86bda4cd2862?rule=ecg_mp_eps$_82,iPhone 15 128g gekocht op 14/05/2024 is nooit gebruikt,"€ 750,00"
https://www.2dehands.be/v/telecommunicatie/mobiele-telefoons-apple-iphone/m2120676029-iphone-15-pro-max-256gb-black-titanium-nieuw-factuurgaranti,https://images.2dehands.com/api/v1/listing-twh-p/images/85/850fa5f3-b92c-4699-b732-2a5690a262b9?rule=ecg_mp_eps$_82,iPhone 15 Pro Max 256GB Black Titanium Nieuw FactuurGaranti,"€ 1.150,00"
https://www.2dehands.be/v/telecommunicatie/mobiele-telefoons-apple-iphone/m2120115201-iphone-15-pro-max-nieuw-2-cycli-factuur-full-beschermd,https://images.2dehands.com/api/v1/listing-twh-p/images/b1/b1bc15e0-7fcb-4977-8f8e-0a8d818097de?rule=ecg_mp_eps$_82,"iPhone 15 Pro Max NIEUW (2 cycli), factuur, full beschermd!","€ 1.070,00"
https://www.2dehands.be,https://images.2dehands.com/api/v1/listing-twh-p/images/c1/c1ec7cea-db21-4e01-b854-fd02ca800113?rule=ecg_mp_eps$_82,iPhone 15 Pro 128 GB,"€ 930,00"
https://www.2dehands.be,https://images.2dehands.com/api/v1/listing-twh-p/images/b9/b952ca04-256a-4765-bad5-d7f7084377d3?rule=ecg_mp_eps$_82,iphone 15 pro max,"€ 1.200,00"
https://www.2dehands.be/v/telecommunicatie/mobiele-telefoons-apple-iphone/a119785302-iphone-13-alle-kleuren-128gb-256gb-3-jaar-garantie,https://twhbe.images.icas.io/api/v1/4f9d6f39/images/00/00a07929-ce0c-4d31-8b80-1a1799c80d32?rule=eps_82,iPhone 13 Alle Kleuren 128GB 256GB + 3 jaar garantie,"€ 429,00"
https://www.2dehands.be,https://images.2dehands.com/api/v1/listing-twh-p/images/83/83a8a987-ddc3-4bc8-b386-37b57cf8fd38?rule=ecg_mp_eps$_82,IPHONE 15 128 GB NEUF/NIEUW !,"€ 750,00"
https://www.2dehands.be/v/telecommunicatie/mobiele-telefoons-apple-iphone/m2120589475-iphone-15-128gb-blauw-wit-als-nieuw,https://images.2dehands.com/api/v1/listing-twh-p/images/7e/7edecbeb-145a-441f-aeb8-93c3a7b8cf8b?rule=ecg_mp_eps$_82,iPhone 15 128gb blauw/wit als nieuw,"€ 700,00"
https://www.2dehands.be,https://images.2dehands.com/api/v1/listing-twh-p/images/3c/3cea51fc-9516-4147-9f30-285ce515601b?rule=ecg_mp_eps$_82,IPhone 15 PRO 256 gb zwart,"€ 825,00"
https://www.2dehands.be,https://images.2dehands.com/api/v1/listing-twh-p/images/82/8279c470-d310-4176-a7b9-d2ecda5a4d11?rule=ecg_mp_eps$_82,Apple iPhone 15 Zwart 128Gb Sealed garantie,"€ 699,00"
https://www.2dehands.be/v/telecommunicatie/mobiele-telefoons-apple-iphone/a137137295-iphone-14-pro-max-128gb-256gb-alle-kleuren-3-jaar-garantie,https://twhbe.images.icas.io/api/v1/4f9d6f39/images/33/339dba89-74c3-42c2-9df8-5e418d7759f8?rule=eps_82,iPhone 14 Pro MAX 128GB 256GB Alle kleuren +3 JAAR garantie!,"€ 749,00"
https://www.2dehands.be,https://images.2dehands.com/api/v1/listing-twh-p/images/f4/f4debf4b-80de-4e52-8205-d4bd0d0907f3?rule=ecg_mp_eps$_82,Apple IPhone 15 Pro Max 512GB met aankoopbewijs,"€ 1.265,00"
https://www.2dehands.be,https://images.2dehands.com/api/v1/listing-twh-p/images/41/41693f2b-0928-4ea7-a31d-ee8c473f9050?rule=ecg_mp_eps$_82,Iphone 15pro max,"€ 1.100,00"
https://www.2dehands.be/v/sport-en-fitness/fitnessapparatuur/a137631518-star-trac-loopband-e-trx-treadmill,https://twhbe.images.icas.io/api/v1/4f9d6f39/images/42/422e9213-e08c-41ea-af09-93c9837ab15c?rule=eps_82,Star Trac Loopband E-TRx | Treadmill |,"€ 3.932,50"
https://www.2dehands.be,https://images.2dehands.com/api/v1/listing-twh-p/images/e3/e3ca805f-23ec-4491-aa2c-3d64899d6084?rule=ecg_mp_eps$_82,iPhone 15 Pro Max 256 GB wit,"€ 1.080,00"
https://www.2dehands.be,https://images.2dehands.com/api/v1/listing-twh-p/images/06/06fd5694-bcde-4999-ac91-8cea7a0a4918?rule=ecg_mp_eps$_82,"iPhone 15 Pro Max 128 GB blauw Nieuw, nooit geopend","€ 1.140,00"
https://www.2dehands.be,https://images.2dehands.com/api/v1/listing-twh-p/images/7f/7fff9718-e42f-45ca-98cd-be500afaaa2b?rule=ecg_mp_eps$_82,iPhone 15pro 512Gb TitaniumGrey als Nieuw!,"€ 1.099,99"
https://www.2dehands.be/v/telecommunicatie/mobiele-telefoons-apple-iphone/a111291233-iphone-13-pro-128gb-256gb-blauw-3-jaar-garantie,https://twhbe.images.icas.io/api/v1/4f9d6f39/images/64/64bfbf88-ccf6-46fc-9e35-2b8cb7ce3f1d?rule=eps_82,iPhone 13 Pro 128GB 256GB Blauw + 3 jaar garantie,"€ 529,00"
